"name","position","age","weight","salary","height","team"
"Malcolm Brogdon","PG",30,229,22600000,193.04,"Boston Celtics"
"Jaylen Brown","SG",26,223,28741071,198.12,"Boston Celtics"
"JD Davison","SG",20,195,NA,185.42,"Boston Celtics"
"Danilo Gallinari","PF",34,236,6479000,208.28,"Boston Celtics"
"Blake Griffin","PF",33,250,1836090,205.74,"Boston Celtics"
"Sam Hauser","SF",25,217,1563518,200.66,"Boston Celtics"
"Al Horford","C",36,240,26500000,205.74,"Boston Celtics"
"Justin Jackson","SF",27,220,1836090,203.2,"Boston Celtics"
"Mfiondu Kabengele","C",25,250,1701593,208.28,"Boston Celtics"
"Luke Kornet","C",27,250,2133278,218.44,"Boston Celtics"
"Payton Pritchard","PG",24,195,2239200,185.42,"Boston Celtics"
"Marcus Smart","PG",28,220,17207141,193.04,"Boston Celtics"
"Jayson Tatum","SF",24,210,28103500,203.2,"Boston Celtics"
"Derrick White","PG",28,190,16892857,193.04,"Boston Celtics"
"Grant Williams","PF",24,236,4306281,198.12,"Boston Celtics"
"Robert Williams III","C",25,237,10937502,205.74,"Boston Celtics"
"Nic Claxton","C",23,215,8500000,210.82,"Brooklyn Nets"
"Seth Curry","SG",32,185,8496500,185.42,"Brooklyn Nets"
"David Duke Jr.","G",23,204,NA,193.04,"Brooklyn Nets"
"Kevin Durant","PF",34,240,44119845,208.28,"Brooklyn Nets"
"Kessler Edwards","SF",22,203,1637966,200.66,"Brooklyn Nets"
"Joe Harris","SF",31,220,18642857,198.12,"Brooklyn Nets"
"Kyrie Irving","PG",30,195,36934550,187.96,"Brooklyn Nets"
"Patty Mills","PG",34,180,6479000,182.88,"Brooklyn Nets"
"Markieff Morris","PF",33,245,1836090,205.74,"Brooklyn Nets"
"Royce O'Neale","PF",29,226,9200000,198.12,"Brooklyn Nets"
"Day'Ron Sharpe","C",21,265,2109480,205.74,"Brooklyn Nets"
"Ben Simmons","PG",26,240,35448672,208.28,"Brooklyn Nets"
"Edmond Sumner","PG",27,196,1968175,193.04,"Brooklyn Nets"
"Cam Thomas","SG",21,210,2138160,190.5,"Brooklyn Nets"
"T.J. Warren","SF",29,220,1836090,203.2,"Brooklyn Nets"
"Yuta Watanabe","SF",28,215,1762796,203.2,"Brooklyn Nets"
"Alondes Williams","G",23,210,NA,193.04,"Brooklyn Nets"
"Ryan Arcidiacono","G",28,195,1836090,190.5,"New York Knicks"
"RJ Barrett","SG",22,214,10900635,198.12,"New York Knicks"
"Jalen Brunson","PG",26,190,27733332,185.42,"New York Knicks"
"Evan Fournier","SG",30,205,1.8e+07,198.12,"New York Knicks"
"Quentin Grimes","SG",22,210,2277000,193.04,"New York Knicks"
"Isaiah Hartenstein","C",24,250,7804879,213.36,"New York Knicks"
"DaQuan Jeffries","SG",25,222,1701593,195.58,"New York Knicks"
"Trevor Keels","G",19,221,NA,193.04,"New York Knicks"
"Miles McBride","PG",22,195,1563518,187.96,"New York Knicks"
"Svi Mykhailiuk","SG",25,205,1836090,200.66,"New York Knicks"
"Immanuel Quickley","SG",23,190,2316240,190.5,"New York Knicks"
"Julius Randle","PF",28,250,23760000,203.2,"New York Knicks"
"Cam Reddish","SF",23,217,5954454,203.2,"New York Knicks"
"Mitchell Robinson","C",24,240,17045454,213.36,"New York Knicks"
"Derrick Rose","PG",34,200,14520730,190.5,"New York Knicks"
"Jericho Sims","C",24,250,1639842,205.74,"New York Knicks"
"Obi Toppin","PF",24,220,5348280,205.74,"New York Knicks"
"Julian Champagnie","F",21,217,NA,200.66,"Philadelphia 76ers"
"Joel Embiid","C",28,280,33616770,213.36,"Philadelphia 76ers"
"James Harden","SG",33,220,3.3e+07,195.58,"Philadelphia 76ers"
"Montrezl Harrell","C",28,240,2463490,200.66,"Philadelphia 76ers"
"Tobias Harris","PF",30,226,37633050,200.66,"Philadelphia 76ers"
"Danuel House Jr.","SF",29,220,4105000,198.12,"Philadelphia 76ers"
"Louis King","SF",23,205,NA,200.66,"Philadelphia 76ers"
"Furkan Korkmaz","SG",25,202,5e+06,200.66,"Philadelphia 76ers"
"Tyrese Maxey","PG",22,200,2726880,187.96,"Philadelphia 76ers"
"De'Anthony Melton","SG",24,200,8250000,187.96,"Philadelphia 76ers"
"Shake Milton","SG",26,205,1977718,195.58,"Philadelphia 76ers"
"Georges Niang","SF",29,230,3465000,200.66,"Philadelphia 76ers"
"Paul Reed","SF",23,210,1782621,205.74,"Philadelphia 76ers"
"Jaden Springer","G",20,202,2125200,193.04,"Philadelphia 76ers"
"Matisse Thybulle","SG",25,201,4379527,195.58,"Philadelphia 76ers"
"P.J. Tucker","PF",37,245,10490000,195.58,"Philadelphia 76ers"
"Precious Achiuwa","PF",23,225,2840160,203.2,"Toronto Raptors"
"O.G. Anunoby","SF",25,232,17357143,200.66,"Toronto Raptors"
"Dalano Banton","PG",23,204,1563318,200.66,"Toronto Raptors"
"Scottie Barnes","SF",21,225,7644720,203.2,"Toronto Raptors"
"Khem Birch","C",30,233,6667500,205.74,"Toronto Raptors"
"Chris Boucher","PF",29,200,12690000,205.74,"Toronto Raptors"
"Jeff Dowtin Jr.","PG",25,177,NA,190.5,"Toronto Raptors"
"Malachi Flynn","PG",24,175,2145720,185.42,"Toronto Raptors"
"Ron Harper Jr.","F",22,245,NA,198.12,"Toronto Raptors"
"Juancho Hernangomez","PF",27,214,1836090,205.74,"Toronto Raptors"
"Christian Koloko","C",22,230,1500000,213.36,"Toronto Raptors"
"Otto Porter Jr.","SF",29,198,6e+06,203.2,"Toronto Raptors"
"Pascal Siakam","PF",28,230,35448672,203.2,"Toronto Raptors"
"Gary Trent Jr.","SG",23,209,17505000,195.58,"Toronto Raptors"
"Fred VanVleet","SG",28,197,21250000,185.42,"Toronto Raptors"
"Joe Wieskamp","SF",23,205,NA,198.12,"Toronto Raptors"
"Thaddeus Young","PF",34,235,8e+06,203.2,"Toronto Raptors"
"Lonzo Ball","PG",25,190,19534884,198.12,"Chicago Bulls"
"Tony Bradley","C",25,248,2036318,210.82,"Chicago Bulls"
"Alex Caruso","SG",28,186,9030000,195.58,"Chicago Bulls"
"DeMar DeRozan","SF",33,220,27300000,198.12,"Chicago Bulls"
"Ayo Dosunmu","SG",22,200,1563518,193.04,"Chicago Bulls"
"Goran Dragic","PG",36,190,1836090,190.5,"Chicago Bulls"
"Andre Drummond","C",29,279,3200000,208.28,"Chicago Bulls"
"Javonte Green","SF",29,205,1815677,195.58,"Chicago Bulls"
"Malcolm Hill","F",27,220,NA,198.12,"Chicago Bulls"
"Carlik Jones","G",25,174,NA,182.88,"Chicago Bulls"
"Derrick Jones Jr.","SF",25,210,3200000,198.12,"Chicago Bulls"
"Zach LaVine","SG",27,200,37096500,195.58,"Chicago Bulls"
"Marko Simonovic","C",23,220,1563518,210.82,"Chicago Bulls"
"Dalen Terry","F",20,195,3191400,200.66,"Chicago Bulls"
"Nikola Vucevic","C",32,260,2.2e+07,208.28,"Chicago Bulls"
"Coby White","PG",22,195,7413955,193.04,"Chicago Bulls"
"Patrick Williams","PF",21,215,7775400,200.66,"Chicago Bulls"
"Jarrett Allen","C",24,243,2e+07,205.74,"Cleveland Cavaliers"
"Mamadi Diakite","F",25,228,1517981,205.74,"Cleveland Cavaliers"
"Darius Garland","PG",22,192,8920795,185.42,"Cleveland Cavaliers"
"Caris LeVert","SG",28,205,18796296,198.12,"Cleveland Cavaliers"
"Robin Lopez","C",34,281,1836090,213.36,"Cleveland Cavaliers"
"Kevin Love","PF",34,251,28942830,203.2,"Cleveland Cavaliers"
"Donovan Mitchell","SG",26,215,30913750,185.42,"Cleveland Cavaliers"
"Evan Mobley","PF",21,215,8478720,210.82,"Cleveland Cavaliers"
"Isaiah Mobley","F",23,238,NA,203.2,"Cleveland Cavaliers"
"Raul Neto","PG",30,180,1836090,187.96,"Cleveland Cavaliers"
"Isaac Okoro","SF",21,225,7040880,195.58,"Cleveland Cavaliers"
"Cedi Osman","SF",27,230,7426088,200.66,"Cleveland Cavaliers"
"Ricky Rubio","PG",32,190,5853659,187.96,"Cleveland Cavaliers"
"Lamar Stevens","F",25,230,1782621,198.12,"Cleveland Cavaliers"
"Dean Wade","PF",26,228,1930681,205.74,"Cleveland Cavaliers"
"Dylan Windler","SG",26,196,4037278,200.66,"Cleveland Cavaliers"
"Marvin Bagley III","PF",23,235,12500000,208.28,"Detroit Pistons"
"Saddiq Bey","SF",23,215,2959080,200.66,"Detroit Pistons"
"Buddy Boeheim","G",23,205,NA,198.12,"Detroit Pistons"
"Bojan Bogdanovic","SF",33,226,19550000,200.66,"Detroit Pistons"
"Alec Burks","SG",31,214,10012800,198.12,"Detroit Pistons"
"Cade Cunningham","PG",21,220,10552800,200.66,"Detroit Pistons"
"Hamidou Diallo","SG",24,202,5200000,195.58,"Detroit Pistons"
"Jalen Duren","C",19,250,4124280,210.82,"Detroit Pistons"
"Killian Hayes","PG",21,195,5572680,195.58,"Detroit Pistons"
"Jaden Ivey","PG",20,195,7252200,193.04,"Detroit Pistons"
"Cory Joseph","PG",31,200,5155500,190.5,"Detroit Pistons"
"Kevin Knox II","SF",23,215,5845979,200.66,"Detroit Pistons"
"Isaiah Livers","PF",24,232,1563518,198.12,"Detroit Pistons"
"Rodney McGruder","G",31,205,1836090,193.04,"Detroit Pistons"
"Nerlens Noel","C",28,220,9240000,208.28,"Detroit Pistons"
"Jared Rhoden","F",23,210,NA,198.12,"Detroit Pistons"
"Isaiah Stewart","C",21,250,3433320,203.2,"Detroit Pistons"
"Goga Bitadze","C",23,250,4765339,210.82,"Indiana Pacers"
"Oshae Brissett","SF",24,210,1846738,200.66,"Indiana Pacers"
"Kendall Brown","SG",19,205,NA,200.66,"Indiana Pacers"
"Chris Duarte","SG",25,190,3936960,195.58,"Indiana Pacers"
"Tyrese Haliburton","PG",22,185,4215120,195.58,"Indiana Pacers"
"Buddy Hield","SG",30,220,22768890,193.04,"Indiana Pacers"
"Isaiah Jackson","SF",20,205,2573760,205.74,"Indiana Pacers"
"James Johnson","PF",35,240,1836090,200.66,"Indiana Pacers"
"Bennedict Mathurin","SG",20,210,6586800,195.58,"Indiana Pacers"
"T.J. McConnell","PG",30,190,8100000,185.42,"Indiana Pacers"
"Andrew Nembhard","PG",22,191,2244111,190.5,"Indiana Pacers"
"Aaron Nesmith","SF",23,215,3804360,195.58,"Indiana Pacers"
"Trevelin Queen","SG",25,190,1637966,198.12,"Indiana Pacers"
"Jalen Smith","PF",22,215,4670160,205.74,"Indiana Pacers"
"Terry Taylor","SF",23,230,1563518,193.04,"Indiana Pacers"
"Daniel Theis","C",30,245,8694369,203.2,"Indiana Pacers"
"Myles Turner","C",26,250,1.8e+07,210.82,"Indiana Pacers"
"Grayson Allen","SG",27,198,8500000,193.04,"Milwaukee Bucks"
"Giannis Antetokounmpo","PF",28,242,42492492,210.82,"Milwaukee Bucks"
"Thanasis Antetokounmpo","SF",30,219,1878720,200.66,"Milwaukee Bucks"
"MarJon Beauchamp","G",22,199,2485200,200.66,"Milwaukee Bucks"
"Jevon Carter","PG",27,200,2100000,185.42,"Milwaukee Bucks"
"Pat Connaughton","SG",30,209,5728393,195.58,"Milwaukee Bucks"
"AJ Green","G",23,190,NA,195.58,"Milwaukee Bucks"
"George Hill","PG",36,188,4e+06,193.04,"Milwaukee Bucks"
"Jrue Holiday","PG",32,205,33665040,193.04,"Milwaukee Bucks"
"Serge Ibaka","F",33,235,1836090,208.28,"Milwaukee Bucks"
"Joe Ingles","SG",35,220,6479000,203.2,"Milwaukee Bucks"
"Brook Lopez","C",34,282,13906976,213.36,"Milwaukee Bucks"
"Sandro Mamukelashvili","PF",23,240,NA,208.28,"Milwaukee Bucks"
"Wesley Matthews","SG",36,220,1836090,193.04,"Milwaukee Bucks"
"Khris Middleton","SF",31,222,37948276,200.66,"Milwaukee Bucks"
"Jordan Nwora","SF",24,225,3e+06,203.2,"Milwaukee Bucks"
"Bobby Portis","F",27,250,10843350,208.28,"Milwaukee Bucks"
"Christian Braun","G",21,220,2808600,198.12,"Denver Nuggets"
"Bruce Brown","SF",26,202,6479000,193.04,"Denver Nuggets"
"Kentavious Caldwell-Pope","SG",29,204,14004703,195.58,"Denver Nuggets"
"Vlatko Cancar","SF",25,236,2234359,203.2,"Denver Nuggets"
"Collin Gillespie","G",23,195,NA,185.42,"Denver Nuggets"
"Aaron Gordon","PF",27,235,19690909,203.2,"Denver Nuggets"
"Jeff Green","PF",36,235,4500000,203.2,"Denver Nuggets"
"Bones Hyland","PG",22,169,2201520,187.96,"Denver Nuggets"
"Nikola Jokic","C",27,284,33047804,210.82,"Denver Nuggets"
"DeAndre Jordan","C",34,265,1836090,210.82,"Denver Nuggets"
"Jamal Murray","PG",25,215,31650000,193.04,"Denver Nuggets"
"Zeke Nnaji","PF",21,240,2498760,205.74,"Denver Nuggets"
"Michael Porter Jr.","SF",24,218,30913750,208.28,"Denver Nuggets"
"Davon Reed","SG",27,206,1902133,195.58,"Denver Nuggets"
"Ish Smith","PG",34,175,4750000,182.88,"Denver Nuggets"
"Peyton Watson","F",20,200,2193960,200.66,"Denver Nuggets"
"Jack White","F",25,225,NA,200.66,"Denver Nuggets"
"Kyle Anderson","SF",29,230,8780488,205.74,"Minnesota Timberwolves"
"Anthony Edwards","SG",21,225,10733400,193.04,"Minnesota Timberwolves"
"Bryn Forbes","SG",29,205,1836090,187.96,"Minnesota Timberwolves"
"Luka Garza","C",24,243,925258,208.28,"Minnesota Timberwolves"
"Rudy Gobert","C",30,258,38172414,215.9,"Minnesota Timberwolves"
"Nathan Knight","F",25,253,1836090,203.2,"Minnesota Timberwolves"
"Jaden McDaniels","PF",22,185,2161440,205.74,"Minnesota Timberwolves"
"Jordan McLaughlin","PG",26,185,2160000,182.88,"Minnesota Timberwolves"
"Josh Minott","F",20,205,1017781,203.2,"Minnesota Timberwolves"
"Wendell Moore Jr.","G",21,215,2306520,195.58,"Minnesota Timberwolves"
"Jaylen Nowell","SG",23,201,1930681,193.04,"Minnesota Timberwolves"
"Taurean Prince","PF",28,218,8e+06,198.12,"Minnesota Timberwolves"
"Naz Reid","C",23,264,1930681,205.74,"Minnesota Timberwolves"
"Austin Rivers","SG",30,200,1836090,193.04,"Minnesota Timberwolves"
"D'Angelo Russell","PG",26,193,31377750,193.04,"Minnesota Timberwolves"
"Matt Ryan","F",25,215,1836090,198.12,"Minnesota Timberwolves"
"Karl-Anthony Towns","C",27,248,33833400,213.36,"Minnesota Timberwolves"
"Darius Bazley","PF",22,216,4264629,205.74,"Oklahoma City Thunder"
"Ousmane Dieng","F",19,185,4569840,205.74,"Oklahoma City Thunder"
"Luguentz Dort","G",23,220,15277778,193.04,"Oklahoma City Thunder"
"Josh Giddey","SG",20,216,6287280,203.2,"Oklahoma City Thunder"
"Shai Gilgeous-Alexander","PG",24,195,30913750,198.12,"Oklahoma City Thunder"
"Chet Holmgren","PF",20,195,9891240,215.9,"Oklahoma City Thunder"
"Isaiah Joe","SG",23,165,1836090,190.5,"Oklahoma City Thunder"
"Tre Mann","PG",21,178,3046200,190.5,"Oklahoma City Thunder"
"Mike Muscala","C",31,240,3500000,210.82,"Oklahoma City Thunder"
"Eugene Omoruyi","F",25,235,NA,198.12,"Oklahoma City Thunder"
"Aleksej Pokusevski","F",21,190,3261480,213.36,"Oklahoma City Thunder"
"Jeremiah Robinson-Earl","PF",22,240,2e+06,203.2,"Oklahoma City Thunder"
"Lindy Waters III","F",25,210,NA,198.12,"Oklahoma City Thunder"
"Aaron Wiggins","SG",24,190,1563518,195.58,"Oklahoma City Thunder"
"Jalen Williams","F",21,195,4341480,198.12,"Oklahoma City Thunder"
"Jaylin Williams","F",20,240,2e+06,205.74,"Oklahoma City Thunder"
"Kenrich Williams","SF",28,210,2e+06,198.12,"Oklahoma City Thunder"
"Ibou Badji","C",20,240,NA,215.9,"Portland Trail Blazers"
"Greg Brown III","PF",21,206,1563518,200.66,"Portland Trail Blazers"
"John Butler Jr.","F",20,190,NA,213.36,"Portland Trail Blazers"
"Drew Eubanks","PF",25,245,1836090,205.74,"Portland Trail Blazers"
"Jerami Grant","SF",28,210,20955000,203.2,"Portland Trail Blazers"
"Josh Hart","SG",27,215,12960000,193.04,"Portland Trail Blazers"
"Keon Johnson","SG",20,185,2681040,190.5,"Portland Trail Blazers"
"Damian Lillard","PG",32,195,42492492,187.96,"Portland Trail Blazers"
"Nassir Little","SF",22,220,4171548,195.58,"Portland Trail Blazers"
"Jusuf Nurkic","C",28,290,15625000,210.82,"Portland Trail Blazers"
"Gary Payton II","SG",30,195,8300000,187.96,"Portland Trail Blazers"
"Shaedon Sharpe","SG",19,200,6012960,195.58,"Portland Trail Blazers"
"Anfernee Simons","SG",23,181,22321429,190.5,"Portland Trail Blazers"
"Jabari Walker","F",20,200,1017781,200.66,"Portland Trail Blazers"
"Trendon Watford","PF",22,237,1563518,203.2,"Portland Trail Blazers"
"Justise Winslow","PF",26,222,4097561,198.12,"Portland Trail Blazers"
"Ochai Agbaji","G",22,215,3918360,195.58,"Utah Jazz"
"Nickeil Alexander-Walker","SG",24,205,5009633,195.58,"Utah Jazz"
"Udoka Azubuike","C",23,270,2174880,210.82,"Utah Jazz"
"Malik Beasley","SG",26,187,15558035,193.04,"Utah Jazz"
"Leandro Bolmaro","SG",22,200,2353320,198.12,"Utah Jazz"
"Jordan Clarkson","PG",30,194,13340000,195.58,"Utah Jazz"
"Mike Conley","PG",35,175,22680000,185.42,"Utah Jazz"
"Simone Fontecchio","F",27,209,3205128,200.66,"Utah Jazz"
"Rudy Gay","SF",36,250,6184500,203.2,"Utah Jazz"
"Talen Horton-Tucker","SG",22,234,10260000,193.04,"Utah Jazz"
"Johnny Juzang","G",21,209,NA,198.12,"Utah Jazz"
"Walker Kessler","C",21,245,2696400,213.36,"Utah Jazz"
"Lauri Markkanen","PF",25,240,16475454,210.82,"Utah Jazz"
"Kelly Olynyk","PF",31,240,12195122,210.82,"Utah Jazz"
"Micah Potter","C",24,248,NA,203.2,"Utah Jazz"
"Collin Sexton","PG",24,190,16500000,187.96,"Utah Jazz"
"Jarred Vanderbilt","PF",23,214,4050000,203.2,"Utah Jazz"
"Patrick Baldwin Jr.","F",20,220,2226000,205.74,"Golden State Warriors"
"Stephen Curry","PG",34,185,48070014,187.96,"Golden State Warriors"
"Donte DiVincenzo","SG",25,203,4500000,193.04,"Golden State Warriors"
"Draymond Green","PF",32,230,25806468,198.12,"Golden State Warriors"
"JaMychal Green","F",32,227,1836090,205.74,"Golden State Warriors"
"Andre Iguodala","F",38,215,1836090,198.12,"Golden State Warriors"
"Ty Jerome","SG",25,195,4220057,195.58,"Golden State Warriors"
"Jonathan Kuminga","PF",20,225,5739860,200.66,"Golden State Warriors"
"Anthony Lamb","F",24,227,NA,198.12,"Golden State Warriors"
"Kevon Looney","F",26,222,8e+06,205.74,"Golden State Warriors"
"Moses Moody","SG",20,211,3562200,195.58,"Golden State Warriors"
"Jordan Poole","SG",23,194,3901399,193.04,"Golden State Warriors"
"Ryan Rollins","G",20,180,1017781,190.5,"Golden State Warriors"
"Klay Thompson","SG",32,220,40600080,198.12,"Golden State Warriors"
"Andrew Wiggins","SF",27,197,33616770,200.66,"Golden State Warriors"
"James Wiseman","C",21,240,9603360,213.36,"Golden State Warriors"
"Nicolas Batum","PF",34,230,10843350,203.2,"LA Clippers"
"Brandon Boston Jr.","SG",21,188,1563518,198.12,"LA Clippers"
"Moses Brown","C",23,245,19186,218.44,"LA Clippers"
"Amir Coffey","SG",25,210,3395062,200.66,"LA Clippers"
"Robert Covington","PF",32,209,12307692,200.66,"LA Clippers"
"Moussa Diabate","F",20,210,NA,210.82,"LA Clippers"
"Paul George","SG",32,220,42492492,203.2,"LA Clippers"
"Reggie Jackson","PG",32,208,11215260,187.96,"LA Clippers"
"Luke Kennard","SG",26,206,14415545,195.58,"LA Clippers"
"Kawhi Leonard","SF",31,225,42492492,200.66,"LA Clippers"
"Terance Mann","SG",26,215,1930681,195.58,"LA Clippers"
"Marcus Morris Sr.","SF",33,218,16372093,203.2,"LA Clippers"
"Norman Powell","SF",29,215,16758621,190.5,"LA Clippers"
"Jason Preston","PG",23,181,1563518,190.5,"LA Clippers"
"John Wall","PG",32,210,6479000,190.5,"LA Clippers"
"Ivica Zubac","C",25,240,10123457,213.36,"LA Clippers"
"Patrick Beverley","PG",34,180,1.3e+07,185.42,"Los Angeles Lakers"
"Sterling Brown","SF",27,219,3e+06,195.58,"Los Angeles Lakers"
"Troy Brown Jr.","SF",23,215,1836090,198.12,"Los Angeles Lakers"
"Thomas Bryant","C",25,248,1836090,208.28,"Los Angeles Lakers"
"Max Christie","G",19,190,1017781,195.58,"Los Angeles Lakers"
"Anthony Davis","PF",29,253,37980720,208.28,"Los Angeles Lakers"
"Wenyen Gabriel","F",25,205,1878720,205.74,"Los Angeles Lakers"
"LeBron James","SF",38,250,44474988,205.74,"Los Angeles Lakers"
"Damian Jones","C",27,245,2298385,210.82,"Los Angeles Lakers"
"Kendrick Nunn","G",27,190,5250000,187.96,"Los Angeles Lakers"
"Scotty Pippen Jr.","G",22,170,NA,187.96,"Los Angeles Lakers"
"Austin Reaves","SG",24,197,1563518,195.58,"Los Angeles Lakers"
"Dennis Schroder","PG",29,172,1836090,185.42,"Los Angeles Lakers"
"Cole Swider","F",23,220,NA,205.74,"Los Angeles Lakers"
"Juan Toscano-Anderson","SF",29,209,1836090,198.12,"Los Angeles Lakers"
"Lonnie Walker IV","G",24,204,6479000,193.04,"Los Angeles Lakers"
"Russell Westbrook","PG",34,200,47063478,190.5,"Los Angeles Lakers"
"Deandre Ayton","C",24,250,30913750,213.36,"Phoenix Suns"
"Bismack Biyombo","C",30,255,1836090,203.2,"Phoenix Suns"
"Devin Booker","SG",26,206,33833400,195.58,"Phoenix Suns"
"Mikal Bridges","SF",26,209,20100000,198.12,"Phoenix Suns"
"Torrey Craig","SF",32,221,5121951,200.66,"Phoenix Suns"
"Jae Crowder","PF",32,235,10183000,198.12,"Phoenix Suns"
"Cameron Johnson","SF",26,210,5887899,203.2,"Phoenix Suns"
"Jock Landale","C",27,255,1563518,210.82,"Phoenix Suns"
"Damion Lee","SG",30,210,1836090,195.58,"Phoenix Suns"
"Josh Okogie","SF",24,213,1836090,193.04,"Phoenix Suns"
"Chris Paul","PG",37,175,28400000,182.88,"Phoenix Suns"
"Cameron Payne","PG",28,183,6e+06,185.42,"Phoenix Suns"
"Dario Saric","PF",28,225,9240000,208.28,"Phoenix Suns"
"Landry Shamet","SG",25,190,9500000,193.04,"Phoenix Suns"
"Ish Wainright","F",28,250,5318,195.58,"Phoenix Suns"
"Duane Washington Jr.","PG",22,197,1563518,187.96,"Phoenix Suns"
"Harrison Barnes","SF",30,225,18352273,203.2,"Sacramento Kings"
"Terence Davis","SG",25,201,4e+06,193.04,"Sacramento Kings"
"Matthew Dellavedova","PG",32,200,1836090,190.5,"Sacramento Kings"
"Keon Ellis","G",23,175,NA,190.5,"Sacramento Kings"
"De'Aaron Fox","PG",25,185,28103550,190.5,"Sacramento Kings"
"Richaun Holmes","C",29,235,11215260,205.74,"Sacramento Kings"
"Kevin Huerter","SG",24,198,14508929,200.66,"Sacramento Kings"
"Alex Len","C",29,250,3918000,215.9,"Sacramento Kings"
"Trey Lyles","PF",27,234,2700000,205.74,"Sacramento Kings"
"Chimezie Metu","PF",25,225,1910680,205.74,"Sacramento Kings"
"Davion Mitchell","PG",24,202,4833600,182.88,"Sacramento Kings"
"Malik Monk","SG",24,200,9472219,190.5,"Sacramento Kings"
"Keegan Murray","SF",22,215,8008440,203.2,"Sacramento Kings"
"KZ Okpala","SF",23,215,1782621,203.2,"Sacramento Kings"
"Neemias Queta","C",23,248,NA,213.36,"Sacramento Kings"
"Domantas Sabonis","PF",26,240,18500000,213.36,"Sacramento Kings"
"Bogdan Bogdanovic","SG",30,225,1.8e+07,195.58,"Atlanta Hawks"
"Clint Capela","C",28,256,18706896,208.28,"Atlanta Hawks"
"John Collins","PF",25,226,23500000,205.74,"Atlanta Hawks"
"Jarrett Culver","G",23,195,6395160,198.12,"Atlanta Hawks"
"Trent Forrest","G",24,210,NA,193.04,"Atlanta Hawks"
"AJ Griffin","F",19,222,3536160,198.12,"Atlanta Hawks"
"Aaron Holiday","G",26,185,1836090,182.88,"Atlanta Hawks"
"Justin Holiday","SF",33,180,6292440,198.12,"Atlanta Hawks"
"De'Andre Hunter","SF",25,221,9835881,203.2,"Atlanta Hawks"
"Jalen Johnson","SF",21,219,2792640,203.2,"Atlanta Hawks"
"Frank Kaminsky","PF",29,240,1836090,213.36,"Atlanta Hawks"
"Vit Krejci","G",22,195,1563518,203.2,"Atlanta Hawks"
"Tyrese Martin","G",23,215,1017781,198.12,"Atlanta Hawks"
"Dejounte Murray","SG",26,180,16571120,195.58,"Atlanta Hawks"
"Onyeka Okongwu","PF",22,240,6395160,205.74,"Atlanta Hawks"
"Trae Young","PG",24,164,37095000,185.42,"Atlanta Hawks"
"LaMelo Ball","PG",21,180,8623920,200.66,"Charlotte Hornets"
"James Bouknight","SG",22,190,4362240,193.04,"Charlotte Hornets"
"Gordon Hayward","SF",32,225,30075000,200.66,"Charlotte Hornets"
"Kai Jones","PF",21,221,2909040,210.82,"Charlotte Hornets"
"Theo Maledon","PG",21,175,1900000,195.58,"Charlotte Hornets"
"Cody Martin","SF",27,205,7e+06,198.12,"Charlotte Hornets"
"Jalen McDaniels","PF",24,205,1930681,205.74,"Charlotte Hornets"
"Bryce McGowens","G",20,179,NA,200.66,"Charlotte Hornets"
"Kelly Oubre Jr.","SG",27,203,12600000,198.12,"Charlotte Hornets"
"Mason Plumlee","C",32,254,9080417,210.82,"Charlotte Hornets"
"Nick Richards","C",25,245,1782621,213.36,"Charlotte Hornets"
"Terry Rozier","SG",28,190,21486283,185.42,"Charlotte Hornets"
"Dennis Smith Jr.","PG",25,205,1836090,187.96,"Charlotte Hornets"
"JT Thor","F",20,203,1563518,205.74,"Charlotte Hornets"
"P.J. Washington","PF",24,230,5808435,200.66,"Charlotte Hornets"
"Mark Williams","C",21,242,3722040,213.36,"Charlotte Hornets"
"Bam Adebayo","C",25,255,30351780,205.74,"Miami Heat"
"Jimmy Butler","SF",33,230,37653300,200.66,"Miami Heat"
"Jamal Cain","F",23,191,NA,198.12,"Miami Heat"
"Dewayne Dedmon","C",33,245,4700000,208.28,"Miami Heat"
"Udonis Haslem","PF",42,235,1836090,203.2,"Miami Heat"
"Tyler Herro","PG",22,195,5722116,195.58,"Miami Heat"
"Haywood Highsmith","F",26,220,1752638,198.12,"Miami Heat"
"Nikola Jovic","F",19,205,2239920,208.28,"Miami Heat"
"Kyle Lowry","PG",36,196,28333334,182.88,"Miami Heat"
"Caleb Martin","SF",27,205,6479000,195.58,"Miami Heat"
"Victor Oladipo","SG",30,213,8750000,193.04,"Miami Heat"
"Duncan Robinson","F",28,215,16902000,200.66,"Miami Heat"
"Orlando Robinson","C",22,244,NA,210.82,"Miami Heat"
"Dru Smith","G",25,203,NA,190.5,"Miami Heat"
"Max Strus","SG",26,215,1815677,195.58,"Miami Heat"
"Gabe Vincent","PG",26,200,1815677,187.96,"Miami Heat"
"Omer Yurtseven","C",24,275,1752638,210.82,"Miami Heat"
"Cole Anthony","PG",22,185,3613680,190.5,"Orlando Magic"
"Mo Bamba","C",24,231,10300000,213.36,"Orlando Magic"
"Paolo Banchero","PF",20,250,11055120,208.28,"Orlando Magic"
"Bol Bol","C",23,220,2200000,218.44,"Orlando Magic"
"Wendell Carter Jr.","C",23,270,14150000,208.28,"Orlando Magic"
"Markelle Fultz","PG",24,209,16500000,193.04,"Orlando Magic"
"R.J. Hampton","PG",21,175,2412840,193.04,"Orlando Magic"
"Gary Harris","SG",28,210,1.3e+07,193.04,"Orlando Magic"
"Kevon Harris","G",25,216,NA,198.12,"Orlando Magic"
"Caleb Houstan","F",20,205,2e+06,203.2,"Orlando Magic"
"Jonathan Isaac","PF",25,230,17400000,208.28,"Orlando Magic"
"Chuma Okeke","PF",24,229,3433320,203.2,"Orlando Magic"
"Terrence Ross","SG",31,206,11500000,200.66,"Orlando Magic"
"Admiral Schofield","SF",25,241,NA,195.58,"Orlando Magic"
"Jalen Suggs","SG",21,205,6922320,195.58,"Orlando Magic"
"Franz Wagner","SF",21,220,5258280,208.28,"Orlando Magic"
"Moritz Wagner","C",25,245,1878720,210.82,"Orlando Magic"
"Deni Avdija","SF",22,210,4916160,205.74,"Washington Wizards"
"Will Barton","SF",32,181,14375000,195.58,"Washington Wizards"
"Bradley Beal","SG",29,207,43279250,193.04,"Washington Wizards"
"Vernon Carey Jr.","C",21,270,1782621,208.28,"Washington Wizards"
"Johnny Davis","G",20,195,4810320,193.04,"Washington Wizards"
"Devon Dotson","G",23,185,NA,185.42,"Washington Wizards"
"Daniel Gafford","C",24,234,1930681,208.28,"Washington Wizards"
"Taj Gibson","F",37,232,1836090,205.74,"Washington Wizards"
"Anthony Gill","PF",30,230,1836090,203.2,"Washington Wizards"
"Jordan Goodwin","G",24,200,NA,190.5,"Washington Wizards"
"Rui Hachimura","PF",24,230,6263188,203.2,"Washington Wizards"
"Corey Kispert","SF",23,224,3552960,198.12,"Washington Wizards"
"Kyle Kuzma","SF",27,221,1.3e+07,205.74,"Washington Wizards"
"Monte Morris","PG",27,183,9125000,187.96,"Washington Wizards"
"Kristaps Porzingis","C",27,240,33833400,220.98,"Washington Wizards"
"Isaiah Todd","PF",21,219,1575000,205.74,"Washington Wizards"
"Delon Wright","SG",30,185,7804878,195.58,"Washington Wizards"
"Davis Bertans","SF",30,225,1.6e+07,208.28,"Dallas Mavericks"
"Reggie Bullock","SF",31,205,10012800,198.12,"Dallas Mavericks"
"Spencer Dinwiddie","PG",29,215,20171427,198.12,"Dallas Mavericks"
"Luka Doncic","PG",23,230,37095000,200.66,"Dallas Mavericks"
"Dorian Finney-Smith","PF",29,220,12402000,200.66,"Dallas Mavericks"
"Josh Green","SG",22,200,3098400,195.58,"Dallas Mavericks"
"Tim Hardaway Jr.","SF",30,205,19602273,195.58,"Dallas Mavericks"
"Jaden Hardy","G",20,198,1017781,190.5,"Dallas Mavericks"
"Maxi Kleber","PF",30,240,9e+06,208.28,"Dallas Mavericks"
"A.J. Lawson","G",22,179,NA,198.12,"Dallas Mavericks"
"JaVale McGee","C",34,270,5461219,213.36,"Dallas Mavericks"
"Frank Ntilikina","PG",24,200,2036318,193.04,"Dallas Mavericks"
"Theo Pinson","G",27,212,1836090,198.12,"Dallas Mavericks"
"Dwight Powell","C",31,240,11080125,208.28,"Dallas Mavericks"
"Christian Wood","F",27,214,14317460,205.74,"Dallas Mavericks"
"McKinley Wright IV","PG",24,192,NA,180.34,"Dallas Mavericks"
"Josh Christopher","SG",21,215,2372160,193.04,"Houston Rockets"
"Darius Days","F",23,245,NA,200.66,"Houston Rockets"
"Tari Eason","F",21,215,3309160,203.2,"Houston Rockets"
"Bruno Fernando","PF",24,240,2717391,208.28,"Houston Rockets"
"Usman Garuba","PF",20,229,2471160,203.2,"Houston Rockets"
"Eric Gordon","SG",34,215,19568360,190.5,"Houston Rockets"
"Jalen Green","SG",20,186,9441840,193.04,"Houston Rockets"
"Trevor Hudgins","G",23,180,NA,182.88,"Houston Rockets"
"Boban Marjanovic","C",34,290,3500000,223.52,"Houston Rockets"
"Kenyon Martin Jr.","F",22,215,1782621,200.66,"Houston Rockets"
"Garrison Mathews","SG",26,215,2e+06,198.12,"Houston Rockets"
"Daishen Nix","SG",20,226,1563518,193.04,"Houston Rockets"
"Kevin Porter Jr.","SG",22,203,3217631,193.04,"Houston Rockets"
"Alperen Sengun","C",20,243,3375480,210.82,"Houston Rockets"
"Jabari Smith Jr.","PF",19,220,8882640,210.82,"Houston Rockets"
"Jae'Sean Tate","SF",27,230,7065217,195.58,"Houston Rockets"
"TyTy Washington Jr.","G",21,195,2210040,190.5,"Houston Rockets"
"Steven Adams","C",29,265,17926829,210.82,"Memphis Grizzlies"
"Santi Aldama","PF",21,215,2094240,210.82,"Memphis Grizzlies"
"Desmond Bane","SG",24,215,2130240,195.58,"Memphis Grizzlies"
"Dillon Brooks","SF",26,225,11400000,200.66,"Memphis Grizzlies"
"Kennedy Chandler","G",20,171,1200000,182.88,"Memphis Grizzlies"
"Brandon Clarke","PF",26,215,4343920,203.2,"Memphis Grizzlies"
"Danny Green","G",35,215,1e+07,198.12,"Memphis Grizzlies"
"Jaren Jackson Jr.","PF",23,242,28946605,210.82,"Memphis Grizzlies"
"Tyus Jones","PG",26,196,1500000,182.88,"Memphis Grizzlies"
"John Konchar","SG",26,210,2300000,195.58,"Memphis Grizzlies"
"Jake LaRavia","F",21,235,3047640,203.2,"Memphis Grizzlies"
"Kenneth Lofton Jr.","F",20,275,NA,200.66,"Memphis Grizzlies"
"Ja Morant","PG",23,174,9603360,190.5,"Memphis Grizzlies"
"David Roddy","F",21,252,2588640,195.58,"Memphis Grizzlies"
"Xavier Tillman","F",23,245,1901625,203.2,"Memphis Grizzlies"
"Ziaire Williams","F",21,185,4591680,205.74,"Memphis Grizzlies"
"Vince Williams Jr.","G",22,205,NA,198.12,"Memphis Grizzlies"
"Jose Alvarado","PG",24,179,1563518,182.88,"New Orleans Pelicans"
"Dyson Daniels","G",19,199,5508600,200.66,"New Orleans Pelicans"
"Devonte' Graham","PG",27,195,11550000,185.42,"New Orleans Pelicans"
"Jaxson Hayes","C",22,220,6803012,213.36,"New Orleans Pelicans"
"Willy Hernangomez","C",28,250,2443581,210.82,"New Orleans Pelicans"
"Brandon Ingram","SF",25,190,31650600,203.2,"New Orleans Pelicans"
"Herbert Jones","SF",24,206,1785000,200.66,"New Orleans Pelicans"
"Kira Lewis Jr.","PG",21,170,4004280,185.42,"New Orleans Pelicans"
"E.J. Liddell","F",22,240,NA,198.12,"New Orleans Pelicans"
"Naji Marshall","SF",24,220,1782621,200.66,"New Orleans Pelicans"
"CJ McCollum","SG",31,190,33333333,190.5,"New Orleans Pelicans"
"Trey Murphy III","SG",22,206,3206640,203.2,"New Orleans Pelicans"
"Larry Nance Jr.","PF",30,245,9672727,203.2,"New Orleans Pelicans"
"Dereon Seabron","G",22,180,NA,198.12,"New Orleans Pelicans"
"Garrett Temple","SF",36,195,4910000,198.12,"New Orleans Pelicans"
"Jonas Valanciunas","C",30,265,14700000,210.82,"New Orleans Pelicans"
"Zion Williamson","PF",22,284,13534817,198.12,"New Orleans Pelicans"
"Dominick Barlow","F",19,215,NA,205.74,"San Antonio Spurs"
"Charles Bassey","C",22,230,1563518,205.74,"San Antonio Spurs"
"Keita Bates-Diop","SF",26,229,1878720,203.2,"San Antonio Spurs"
"Malaki Branham","G",19,185,2925600,193.04,"San Antonio Spurs"
"Zach Collins","PF",25,250,7350000,210.82,"San Antonio Spurs"
"Gorgui Dieng","C",32,265,NA,208.28,"San Antonio Spurs"
"Keldon Johnson","SF",23,220,3873025,195.58,"San Antonio Spurs"
"Stanley Johnson","SF",26,242,1245164,198.12,"San Antonio Spurs"
"Tre Jones","PG",23,185,1782621,185.42,"San Antonio Spurs"
"Romeo Langford","SG",23,215,5634257,195.58,"San Antonio Spurs"
"Doug McDermott","SF",31,220,13750000,198.12,"San Antonio Spurs"
"Jakob Poeltl","C",27,260,9398148,215.9,"San Antonio Spurs"
"Josh Richardson","SG",29,200,11615328,198.12,"San Antonio Spurs"
"Isaiah Roby","PF",24,230,1782621,203.2,"San Antonio Spurs"
"Jeremy Sochan","F",19,220,5063520,203.2,"San Antonio Spurs"
"Devin Vassell","SG",22,200,4437000,195.58,"San Antonio Spurs"
"Blake Wesley","G",19,185,2385480,193.04,"San Antonio Spurs"
